date,topic,reference,translation,verse_text,explanation,reflection_question,application,memory_summary,prayer_prompt
2026-05-08 09:53,Faith,James 2:17,KJV,"Even so faith, if it hath not works, is dead, being alone.",This verse reminds us of God's faithfulness and love for us each day.,How does this verse speak to what you are facing today?,Take a moment to quietly meditate on this verse and let it guide your next step.,Hold onto the promise of James 2:17 today.,"Lord, let your Word take root in my heart and guide my steps. Amen."
2026-05-08 09:54,Purpose,Jeremiah 29:11,WEB,"For I know the thoughts that I think toward you,” says Yahweh, “thoughts of peace, and not of evil, to give you hope and a future.",This verse reminds us of God's faithfulness and love for us each day.,How does this verse speak to what you are facing today?,Take a moment to quietly meditate on this verse and let it guide your next step.,Hold onto the promise of Jeremiah 29:11 today.,"Lord, let your Word take root in my heart and guide my steps. Amen."
2026-05-08 09:54,Purpose,Ephesians 2:10,WEB,"For we are his workmanship, created in Christ Jesus for good works, which God prepared before that we would walk in them.",This verse reminds us of God's faithfulness and love for us each day.,How does this verse speak to what you are facing today?,Take a moment to quietly meditate on this verse and let it guide your next step.,Hold onto the promise of Ephesians 2:10 today.,"Lord, let your Word take root in my heart and guide my steps. Amen."
2026-05-08 09:54,Purpose,Ephesians 2:10,WEB,"For we are his workmanship, created in Christ Jesus for good works, which God prepared before that we would walk in them.",This verse reminds us of God's faithfulness and love for us each day.,How does this verse speak to what you are facing today?,Take a moment to quietly meditate on this verse and let it guide your next step.,Hold onto the promise of Ephesians 2:10 today.,"Lord, let your Word take root in my heart and guide my steps. Amen."
2026-05-08 09:54,Purpose,Romans 8:28,WEB,"We know that all things work together for good for those who love God, to those who are called according to his purpose.",This verse reminds us of God's faithfulness and love for us each day.,How does this verse speak to what you are facing today?,Take a moment to quietly meditate on this verse and let it guide your next step.,Hold onto the promise of Romans 8:28 today.,"Lord, let your Word take root in my heart and guide my steps. Amen."
2026-05-08 09:54,Purpose,Ephesians 2:10,WEB,"For we are his workmanship, created in Christ Jesus for good works, which God prepared before that we would walk in them.",This verse reminds us of God's faithfulness and love for us each day.,How does this verse speak to what you are facing today?,Take a moment to quietly meditate on this verse and let it guide your next step.,Hold onto the promise of Ephesians 2:10 today.,"Lord, let your Word take root in my heart and guide my steps. Amen."
2026-05-08 09:56,General,John 3:16,WEB,"For God so loved the world, that he gave his one and only Son, that whoever believes in him should not perish, but have eternal life.",This verse reminds us of God's faithfulness and love for us each day.,How does this verse speak to what you are facing today?,Take a moment to quietly meditate on this verse and let it guide your next step.,Hold onto the promise of John 3:16 today.,"Lord, let your Word take root in my heart and guide my steps. Amen."
2026-05-08 09:56,General,John 3:16,KJV,"For God so loved the world, that he gave his only begotten Son, that whosoever believeth in him should not perish, but have everlasting life.",This verse reminds us of God's faithfulness and love for us each day.,How does this verse speak to what you are facing today?,Take a moment to quietly meditate on this verse and let it guide your next step.,Hold onto the promise of John 3:16 today.,"Lord, let your Word take root in my heart and guide my steps. Amen."
2026-05-08 10:04,Anxiety,John 14:27,KJV,"Peace I leave with you, my peace I give unto you: not as the world giveth, give I unto you. Let not your heart be troubled, neither let it be afraid.",This verse reminds us of God's faithfulness and love for us each day.,How does this verse speak to what you are facing today?,Take a moment to quietly meditate on this verse and let it guide your next step.,Hold onto the promise of John 14:27 today.,"Lord, let your Word take root in my heart and guide my steps. Amen."
